company,position,cities,deadline,headcount,requirement,link,source
建信金科,运维岗（系统运维/应用运维方向）,上海，北京，武汉，成都,2026-10-08,30人,本科及以上；CET4 425+；Linux/数据库/云原生基础,https://job.ccb.com/,seed
平安银行,运维开发工程师,深圳，上海,2026-10-25,多名,本科及以上；Python/Go + DevOps 工具链 / 运维开发经验优先,https://campus.pingan.com/pab,seed
招商银行,智能运维方向（总行信息技术部）,深圳，上海,2026-10-31,多名,本科及以上；Python/Go + 监控/自动化/智能运维/AIOps 方向优先,https://career.cmbchina.com/,seed
北森,应用运维工程师,北京,2026-11-15,多名,本科及以上；Linux/Java 应用运维 / 云平台（SaaS）运维基础,https://beisen.zhiye.com/campus/jobs,seed
招银网络科技,运维研发,深圳，杭州，成都,2026-11-30,150人,本科及以上 STEM 相关专业；Linux/Python/自动化运维方向优先,https://cmbnt.cmbchina.com/,seed
携程,SRE（2027秋招）,上海,2026-12-31,多名,本科及以上；Java/Python/Go 任一 + Linux + Docker/K8s 基础,https://careers.ctrip.com/,seed
杰华特,杰华特 - 2027届 正式批 模拟IC设计工程师、系统工程师、AI工程师、数字IC设计工程师（前端） - - [网申链接](https://joulwatt.zhiye.com/),,,,,https://joulwatt.zhiye.com/,xixicc2027
超聚变,超聚变 - 2027届 实习 技术类（硬件开发/运维/FDE前端）、销售类（销售经理/产品与解决方案）、职能类（智能稽查） 北京、上海、深圳、广州 - 搜索官方公众号,,,,,,xixicc2027
中冶南方 ✅×2,中冶南方 ✅×2 - 不限 实习 - - - [公众号入口](http://weixin.qq.com/r/bTnh_SrE7XeSrW6a92x-),,,,,http://weixin.qq.com/r/bTnh_SrE7XeSrW6a92x-,xixicc2027
